epoch,loss_d,loss_g
0,1.3517498796184857,0.6989638643960158
1,1.3176830212275188,0.7116247614224752
2,1.2831256960829098,0.7139570526778698
3,1.312813585003217,0.6893666808803877
4,1.4145176981886227,0.7327859736979008
5,1.356883245209853,0.9697881912191709
6,1.2800990343093872,1.0573405275742214
7,1.2838130022088687,0.9666804410517216
8,1.2825277596712112,0.8744603345791498
9,1.2389901553591092,0.8671898568669955
10,1.1749765301744144,0.9546199205021063
11,1.2237272933125496,0.9533930892745653
12,1.3877309436599414,0.8025852950910727
13,1.486887124677499,0.6944410962363085
14,1.45584570368131,0.7006162988642851
15,1.410607914129893,0.7334476287166277
16,1.3802351827422779,0.7596829583247503
17,1.3601402342319489,0.7820941247045994
18,1.3452493275205295,0.8052633429567019
19,1.3347495670119922,0.8220479860901833
20,1.3276110614339511,0.8319018023709456
21,1.3225858584046364,0.842520359903574
22,1.316670132180055,0.8455624406536421
23,1.3228176608681679,0.8346440394719442
24,1.347282777229945,0.802430464575688
25,1.3756208966175716,0.7872026326755682
26,1.4037170285979907,0.7834024752179781
27,1.405555968483289,0.7951847799122334
28,1.4091499398152034,0.789911050349474
29,1.3947860673069954,0.7880702254672846
30,1.3621441225210826,0.8122535832226276
31,1.3545742655793827,0.8226034541924795
32,1.3802608201901119,0.8143967216213545
33,1.3624658361077309,0.8287539519369602
34,1.3950617810090382,0.7831523530185223
35,1.4073179836074512,0.7658056778212389
36,1.3940382127960522,0.7793991230428219
37,1.3816672737399738,0.7929624542593956
38,1.3724098230401676,0.799830382068952
39,1.3709638615449269,0.803019929677248
40,1.3736968090136845,0.8000734411180019
41,1.3795309513807297,0.7981041992704073
42,1.3885529587666194,0.7994139244159063
43,1.3910278404752414,0.8063222542405128
44,1.380516231060028,0.8117974065244198
45,1.3678992862502735,0.8162588986257712
46,1.3851241196195285,0.793297299494346
47,1.3955590451757114,0.784735011557738
48,1.3839803511897724,0.7933880190054575
49,1.376077155272166,0.7970901628335317
50,1.3727759619553883,0.7999773137271404
51,1.375127911567688,0.8030619571606318
52,1.376670355598132,0.8058041706681252
53,1.376910425722599,0.8061798214912415
54,1.3770162214835484,0.8063801266252995
55,1.3751581261555355,0.8066646580894788
56,1.3720961436629295,0.8087046891450882
57,1.3622749696175258,0.8157277591526508
58,1.3500598569711049,0.8238217309117317
59,1.3759649445613225,0.8043385234971842
60,1.3741187453269958,0.7990389031668504
61,1.3582939753929775,0.8041408645610014
62,1.3654873644312222,0.7965881985922655
63,1.3857396915555,0.795126598328352
64,1.3818438226977985,0.7974457653860251
65,1.373387023806572,0.8043572430809339
66,1.3757863665620487,0.8033184421559175
67,1.3935070633888245,0.7850960505505403
68,1.3948706289132435,0.7823089361190796
69,1.3798131470878918,0.7951333895325661
70,1.37180012712876,0.7988584364453951
71,1.3887880866726239,0.7906489906211694
72,1.3898207917809486,0.7890812767048677
73,1.380482556919257,0.7961263209581375
74,1.3685685247182846,0.8107051414748033
75,1.3707776094476383,0.8071574320395788
76,1.3825831313927968,0.7864211338261763
77,1.374462532500426,0.7957543457547823
78,1.3640316501259804,0.8095939134558042
79,1.3590151593089104,0.8138198802868525
80,1.3768240263064702,0.7930793017148972
81,1.3732097074389458,0.8062223680317402
82,1.3564509699742,0.814922396093607
83,1.3881181726853054,0.7852481131752332
84,1.3782838756839435,0.8015788793563843
85,1.3676742588480313,0.7961497803529104
86,1.392541376252969,0.7882692453761896
87,1.388804979622364,0.7935147931178411
88,1.3755919461448987,0.8028986689945062
89,1.3736238007744153,0.8082501764098803
90,1.3895017156998317,0.7850348775585493
91,1.3779304896791775,0.7937222371498743
92,1.3675601308544476,0.8008515412608782
93,1.3692807977398236,0.8015392683446407
94,1.3809615174929302,0.7965540128449599
95,1.3778299291928608,0.8018646575510502
96,1.3636139631271362,0.8176349538067976
97,1.3782834286491077,0.7944656076530615
98,1.3815173506736755,0.7892991018791994
99,1.3688473999500275,0.7987421738604704
100,1.3738989035288494,0.7987436267236868
101,1.388083502650261,0.7970047108829021
102,1.3738050212462742,0.805381132910649
103,1.369597392777602,0.8070242082079252
104,1.386876069009304,0.7877013248701891
105,1.376204527914524,0.7926031375924746
106,1.365778389076392,0.8012333959341049
107,1.3836144556601842,0.7954762068887552
108,1.3812406261761982,0.7985693551599979
109,1.3670845304926236,0.8127077780663967
110,1.3839497317870457,0.7880495488643646
111,1.3816189989447594,0.7881428375840187
112,1.370418521265189,0.8004560731351376
113,1.3719764376680057,0.8015400866667429
114,1.3811495030919712,0.7944909110665321
115,1.378940758605798,0.8001454522212347
116,1.3675861631830533,0.811258140951395
117,1.3764580090840657,0.7966877532502016
118,1.3778747965892155,0.7957554683089256
119,1.3707609598835309,0.800585343192021
120,1.3782452369729679,0.7962091925243536
121,1.3822235042850177,0.7937496329347292
122,1.3775500605503719,0.8029212405284246
123,1.3782149453957875,0.7995606896777948
124,1.3833758383989334,0.7913076095283031
125,1.3767581656575203,0.7959955682357153
126,1.3740941509604454,0.7988148195048174
127,1.3790369803706806,0.7997026853263378
128,1.3746560737490654,0.8043751356502374
129,1.3683373406529427,0.8120170372227827
130,1.377308376133442,0.7908822620908419
131,1.3712631613016129,0.7992435085276762
132,1.3811588039000828,0.7952079723278681
133,1.3792280380924542,0.8018011252085367
134,1.3785123179356258,0.7938311137259007
135,1.3824926639596622,0.7903727317849795
136,1.3772373472650845,0.793188621600469
137,1.374070865412553,0.7985343895852566
138,1.3787250171105068,0.7968578388293585
139,1.3774883225560188,0.798185933381319
140,1.3729163830478985,0.8042311569054922
141,1.3756606876850128,0.7981188806394736
142,1.3754760349790256,0.7982091357310613
143,1.3741855223973591,0.797461257626613
144,1.3750748659173648,0.8001303014655908
145,1.3757968718806903,0.7981014711161455
146,1.376896155377229,0.8032767102122307
147,1.3763971775770187,0.7967992400129636
148,1.377989538013935,0.798344649374485
149,1.3797209039330482,0.7955125768979391
150,1.3762387136618297,0.8007682027916113
151,1.379221650461356,0.798131256053845
152,1.3779882391293843,0.7982736838360628
153,1.3749804745117824,0.8020424507558346
154,1.3784558822711308,0.7944992631673813
155,1.3742520759503047,0.8023356385529041
156,1.3747023766239483,0.7971611134707928
157,1.3765914663672447,0.8022261944909891
158,1.3725218921899796,0.8015502306322256
159,1.3781029110153515,0.7976860788961252
160,1.3734293406208355,0.7952034672101339
161,1.3794944733381271,0.8012100979685783
162,1.3761447419722874,0.7945020024975141
163,1.3798290093739827,0.7995443120598793
164,1.3791490569710732,0.7947959527373314
165,1.3740671550234158,0.7960088240603606
166,1.3777131910125415,0.8041573303441206
167,1.3790196180343628,0.7917329867680868
168,1.3725080341100693,0.7985630817711353
169,1.3749513626098633,0.8080020261307558
170,1.377139779428641,0.7927563562989235
171,1.3734523231784503,0.7990333127478758
172,1.3755358109871547,0.8039255502323309
173,1.3769876485069592,0.7931966607769331
174,1.3754023239016533,0.8037059257427851
175,1.380206935107708,0.7959495596587658
176,1.3766001587112744,0.796277197698752
177,1.37806998193264,0.8004204506675402
178,1.3792661279439926,0.7964192243913809
179,1.3754929651816685,0.8009131699800491
180,1.3764168918132782,0.8008909200628599
181,1.3751739437381427,0.7965715179840723
182,1.3735680356621742,0.801946122199297
183,1.377176250020663,0.7986733379463354
184,1.374771182735761,0.8017252646386623
185,1.378680815299352,0.7952672330041727
186,1.3761852035919826,0.794947225600481
187,1.3791509593526523,0.798593440403541
188,1.3772824183106422,0.7978166354199251
189,1.3758021220564842,0.7988393505414327
190,1.3777169436216354,0.7976958466072878
191,1.3754335939884186,0.7954245954751968
192,1.3754656488696735,0.8017349615693092
193,1.3763789907097816,0.7983256913721561
194,1.3757291088501613,0.7973843912283579
195,1.3755865295728047,0.8016546815633774
196,1.3768799180785816,0.795140378177166
197,1.3772656619548798,0.8008156145612398
198,1.376141535739104,0.7981597681840261
199,1.3779449512561162,0.7958780253926913
200,1.3759268348415692,0.8033132404088974
201,1.3768363470832508,0.795067235827446
202,1.3774984652797382,0.8015005650619665
203,1.3763170664509137,0.7972975919644038
204,1.3761863708496094,0.7985195716222128
205,1.376082646350066,0.8025648966431618
206,1.3747408042351406,0.7963659850259622
207,1.3770508393645287,0.8031819388270378
208,1.3764386773109436,0.7923269619544347
209,1.3774845227599144,0.799329391370217
210,1.3765505452950795,0.8018651405970255
211,1.3759274731079738,0.7942903737227122
212,1.3778315335512161,0.8009239993989468
213,1.3760888477166493,0.794941975424687
214,1.376934751868248,0.7963414117693901
215,1.375378576417764,0.805110494295756
216,1.3768580953280132,0.7928400747478008
217,1.3761092374722164,0.7981514669954777
218,1.3754104400674503,0.8028764141102632
219,1.377381647626559,0.794289518147707
220,1.3755846917629242,0.8005708903074265
221,1.3768209889531136,0.8007448228696982
222,1.3768512283762295,0.7951988962789377
223,1.3762200052539508,0.8009912160535654
224,1.377945934732755,0.7986024158696333
225,1.3751600583394368,0.7966032649079958
226,1.3773532932003338,0.8007803559303284
227,1.3765464375416439,0.7985808526476225
228,1.3755350708961487,0.7993056736886501
229,1.3761405944824219,0.8014758303761482
230,1.376271183292071,0.795984740058581
231,1.37680168201526,0.7996822632849216
232,1.3769524445136387,0.7965913179020087
233,1.376196230451266,0.7995808472235998
234,1.377640684445699,0.798367710163196
235,1.375883678595225,0.7955777483681837
236,1.37582878023386,0.8008202413717905
237,1.377417042851448,0.7973098196089268
238,1.3751622065901756,0.7991055411597093
239,1.3761936873197556,0.7992786007622877
240,1.3767676179607709,0.7951535719136397
241,1.3752763817707698,0.8017453787227472
242,1.3775605012973149,0.796812062462171
243,1.3765598436196644,0.7980232213934263
244,1.375949797530969,0.8021506257355213
245,1.3773177191615105,0.7954019022484621
246,1.376710794866085,0.7999417173365752
247,1.375866711139679,0.7974694060782591
248,1.3769131551186244,0.7990514387687048
249,1.3756674528121948,0.8013854486246904
250,1.37548233071963,0.7965068606038889
251,1.3771855259935062,0.8015175784627596
252,1.3752397522330284,0.7961359856029352
253,1.37751816958189,0.8002869424720606
254,1.3762132575114567,0.7970822590092818
255,1.3768570472796757,0.7994659704466661
256,1.3768796920776367,0.7974998640517393
257,1.3754879360397656,0.7965871344010035
258,1.376747431854407,0.8025269011656443
259,1.3763354942202568,0.7950803302228451
260,1.3756446242332458,0.8017494827508926
261,1.3774339184165,0.7961465256909529
262,1.3752187316616376,0.7979498182733854
263,1.3760087465246518,0.8009062012036642
264,1.3775049448013306,0.7951152051488558
265,1.3753208195169766,0.8039539232850075
266,1.3779570485154788,0.7945719845592976
267,1.3762867351373036,0.7989759556949139
268,1.3757961044708888,0.800403643399477
269,1.377168983221054,0.7957201351722082
270,1.3756966963410378,0.80309280504783
271,1.3762296984593074,0.7953607228895029
272,1.377220091720422,0.8004278143246969
273,1.375443456073602,0.7970905813078085
274,1.3774936224023502,0.7987826652824879
275,1.375597397486369,0.8012426160275936
276,1.3764593601226807,0.7944526175657908
277,1.3768688961863518,0.8023534764846166
278,1.3762093807260196,0.7947846874594688
279,1.3774550209442775,0.7991940180460612
280,1.3759110197424889,0.8009244066973528
281,1.3758740996321042,0.7958318206171194
282,1.3765782068173091,0.8029284862180551
283,1.3766840646664302,0.7939285412430763
284,1.3762012273073196,0.7994057387113571
285,1.376045490304629,0.8012881278991699
286,1.3763992736736934,0.7954279457529386
287,1.3762805635730426,0.8029481073220571
288,1.3772380923231442,0.7953988959391912
289,1.3759278307358425,0.7990969829261303
290,1.376576028764248,0.8000483711560568
291,1.3765169208248456,0.7949965422352155
292,1.3758987709879875,0.8026707842946053
293,1.3768440981705983,0.7950640159348646
294,1.37645972520113,0.7987870573997498
295,1.375810441871484,0.8007903210818768
296,1.3762119983633359,0.7964419064422449
297,1.375832587480545,0.8018176356951395
298,1.3767307276527088,0.7944907521208128
299,1.376142531633377,0.8003123514354229
300,1.3763954962293308,0.7972044348716736
301,1.3769214327136676,0.7991276296476523
302,1.3758595138788223,0.8005600745479265
303,1.3767485444744427,0.7965476910273234
304,1.3757629841566086,0.8011881560087204
305,1.3770658075809479,0.7948650730152925
306,1.3759540989995003,0.8018130349616209
307,1.3757700522740681,0.7976425215601921
308,1.3772368431091309,0.7987966959675153
309,1.3754580691456795,0.7992138502498468
310,1.3766190682848294,0.7984427809715271
311,1.376544217268626,0.798877572019895
312,1.3769151270389557,0.7972966469824314
313,1.3755758553743362,0.7984743366638819
314,1.3767186179757118,0.7971229565640291
315,1.376933937271436,0.8014079829057058
316,1.3750572899977367,0.7969222615162531
317,1.376691810786724,0.8013104982674122
318,1.3766731023788452,0.7941236247618993
319,1.3759124080340068,0.800201111783584
320,1.376681091884772,0.7979206467668215
321,1.3762799526254337,0.7999499874810377
322,1.3771779760718346,0.7981038068731626
323,1.3751037990053494,0.7994540855288506
324,1.3770969385902088,0.7983877956867218
325,1.3766941552360852,0.7971124264101187
326,1.3754259546597798,0.801620269815127
327,1.3767892966667812,0.7951759199301401
328,1.3763860762119293,0.8021720312535763
329,1.376005267103513,0.7963632817069689
330,1.3769664416710536,0.8009380089739958
331,1.3756370569268863,0.797309851894776
332,1.3774207482735317,0.7983252915243307
333,1.3749154259761174,0.7977354327837626
334,1.3774392132957776,0.7974930504957835
335,1.376148444910844,0.8035493878026804
336,1.3752599209547043,0.7950401529669762
337,1.3769418199857075,0.8026079473396143
338,1.376867137849331,0.793135811885198
339,1.3763729830582936,0.7976351442436377
340,1.3756911233067513,0.8028184399008751
341,1.3764253308375676,0.7953881373008093
342,1.3776470944285393,0.801535482207934
343,1.37485217799743,0.7977797910571098
344,1.3766917611161869,0.7989200750986735
345,1.3771412819623947,0.8005830148855845
346,1.3750181943178177,0.7941003938515981
347,1.3762121920784314,0.8016482045253118
348,1.3768393322825432,0.7960904513796171
349,1.3774342363079388,0.7996619641780853
350,1.3752669990062714,0.8018200621008873
351,1.375707174340884,0.7956837738553683
352,1.377507562438647,0.8017521525422732
353,1.376941663523515,0.7939097893734773
354,1.375908449292183,0.7985248615344366
355,1.3756659751137097,0.801631203542153
356,1.3774072900414467,0.7952607745925585
357,1.3760369221369426,0.8015675855179628
358,1.376111924648285,0.798297589023908
359,1.3756572604179382,0.7986592998107275
360,1.3773413971066475,0.7997910355528196
361,1.3766265710194905,0.795003658781449
362,1.3751918425162633,0.7995737083256245
363,1.3765191212296486,0.7981357177098592
364,1.37698033452034,0.7996438890695572
365,1.3769360134998958,0.7995240452388922
366,1.3757959231734276,0.7988834915061792
367,1.375515970091025,0.7991731315851212
368,1.3777907565236092,0.7966439488033453
369,1.3762248009443283,0.7991123385727406
370,1.3751978501677513,0.7971797734498978
371,1.3768661990761757,0.7988893054425716
372,1.3770074099302292,0.7984147109091282
373,1.3763745377461116,0.8003865281740824
374,1.3749757359425228,0.798354085534811
375,1.3782190531492233,0.7988644875586033
376,1.3759227767586708,0.7961952649056911
377,1.3752569059530895,0.7988833375275135
378,1.3769110217690468,0.7985734418034554
379,1.3779709835847218,0.7991735724111398
380,1.3749914740522702,0.7993701895078024
381,1.3754270449280739,0.8002935834228992
382,1.3777264108260472,0.7960213422775269
383,1.3767837112148602,0.7991111489633719
384,1.3747862502932549,0.7962501309812069
385,1.3758547008037567,0.8000100913147131
386,1.3782389461994171,0.7982500431438287
387,1.3763322060306866,0.8011794599394003
388,1.3746452157696087,0.799602847546339
389,1.3761076927185059,0.7992161810398102
390,1.3783171822627385,0.7960783379773299
391,1.3753638938069344,0.7988682563106219
392,1.3748097990949948,0.7982515506446362
393,1.3777662813663483,0.7989211740593115
394,1.378106099863847,0.7987060882151127
395,1.3736121604839961,0.8000098206102848
396,1.3777503942449887,0.7973080910742283
397,1.3772370889782906,0.7989865839481354
398,1.376504788796107,0.7941367837289969
399,1.3736106877525647,0.8021785120169321
